Workbook

Sheet Dashboard
A1: CAMPAIGN DASHBOARD
A2: All numbers calculate automatically from the Call Log and Contacts sheets.
A4: Metric | B4: Round 1 | C4: Round 2 | D4: Round 3 | E4: Round 4 | F4: Round 5 | G4: Total
A5: Calls logged (outcome filled) | B5: =COUNTIFS('Call Log'!$E$5:$E$134,1,'Call Log'!$I$5:$I$134,"?*") -> 0 | C5: =COUNTIFS('Call Log'!$E$5:$E$134,2,'Call Log'!$I$5:$I$134,"?*") -> 0 | D5: =COUNTIFS('Call Log'!$E$5:$E$134,3,'Call Log'!$I$5:$I$134,"?*") -> 0 | E5: =COUNTIFS('Call Log'!$E$5:$E$134,4,'Call Log'!$I$5:$I$134,"?*") -> 0 | F5: =COUNTIFS('Call Log'!$E$5:$E$134,5,'Call Log'!$I$5:$I$134,"?*") -> 0 | G5: =SUM(B5:F5) -> 0
A6: Answered | B6: =COUNTIFS('Call Log'!$E$5:$E$134,1,'Call Log'!$I$5:$I$134,"Answered*") -> 0 | C6: =COUNTIFS('Call Log'!$E$5:$E$134,2,'Call Log'!$I$5:$I$134,"Answered*") -> 0 | D6: =COUNTIFS('Call Log'!$E$5:$E$134,3,'Call Log'!$I$5:$I$134,"Answered*") -> 0 | E6: =COUNTIFS('Call Log'!$E$5:$E$134,4,'Call Log'!$I$5:$I$134,"Answered*") -> 0 | F6: =COUNTIFS('Call Log'!$E$5:$E$134,5,'Call Log'!$I$5:$I$134,"Answered*") -> 0 | G6: =SUM(B6:F6) -> 0
A7: No answer / busy / unreachable | B7: =COUNTIFS('Call Log'!$E$5:$E$134,1,'Call Log'!$I$5:$I$134,"No answer")+COUNTIFS('Call Log'!$E$5:$E$134,1,'Call Log'!$I$5:$I$134,"Busy")+COUNTIFS('Call Log'!$E$5:$E$134,1,'Call Log'!$I$5:$I$134,"Switched*")+COUNTIFS('Call Log'!$E$5:$E$134,1,'Call Log'!$I$5:$I$134,"Call declined") -> 0 | C7: =COUNTIFS('Call Log'!$E$5:$E$134,2,'Call Log'!$I$5:$I$134,"No answer")+COUNTIFS('Call Log'!$E$5:$E$134,2,'Call Log'!$I$5:$I$134,"Busy")+COUNTIFS('Call Log'!$E$5:$E$134,2,'Call Log'!$I$5:$I$134,"Switched*")+COUNTIFS('Call Log'!$E$5:$E$134,2,'Call Log'!$I$5:$I$134,"Call declined") -> 0 | D7: =COUNTIFS('Call Log'!$E$5:$E$134,3,'Call Log'!$I$5:$I$134,"No answer")+COUNTIFS('Call Log'!$E$5:$E$134,3,'Call Log'!$I$5:$I$134,"Busy")+COUNTIFS('Call Log'!$E$5:$E$134,3,'Call Log'!$I$5:$I$134,"Switched*")+COUNTIFS('Call Log'!$E$5:$E$134,3,'Call Log'!$I$5:$I$134,"Call declined") -> 0 | E7: =COUNTIFS('Call Log'!$E$5:$E$134,4,'Call Log'!$I$5:$I$134,"No answer")+COUNTIFS('Call Log'!$E$5:$E$134,4,'Call Log'!$I$5:$I$134,"Busy")+COUNTIFS('Call Log'!$E$5:$E$134,4,'Call Log'!$I$5:$I$134,"Switched*")+COUNTIFS('Call Log'!$E$5:$E$134,4,'Call Log'!$I$5:$I$134,"Call declined") -> 0 | F7: =COUNTIFS('Call Log'!$E$5:$E$134,5,'Call Log'!$I$5:$I$134,"No answer")+COUNTIFS('Call Log'!$E$5:$E$134,5,'Call Log'!$I$5:$I$134,"Busy")+COUNTIFS('Call Log'!$E$5:$E$134,5,'Call Log'!$I$5:$I$134,"Switched*")+COUNTIFS('Call Log'!$E$5:$E$134,5,'Call Log'!$I$5:$I$134,"Call declined") -> 0 | G7: =SUM(B7:F7) -> 0
A8: Wrong number | B8: =COUNTIFS('Call Log'!$E$5:$E$134,1,'Call Log'!$I$5:$I$134,"Wrong number") -> 0 | C8: =COUNTIFS('Call Log'!$E$5:$E$134,2,'Call Log'!$I$5:$I$134,"Wrong number") -> 0 | D8: =COUNTIFS('Call Log'!$E$5:$E$134,3,'Call Log'!$I$5:$I$134,"Wrong number") -> 0 | E8: =COUNTIFS('Call Log'!$E$5:$E$134,4,'Call Log'!$I$5:$I$134,"Wrong number") -> 0 | F8: =COUNTIFS('Call Log'!$E$5:$E$134,5,'Call Log'!$I$5:$I$134,"Wrong number") -> 0 | G8: =SUM(B8:F8) -> 0
A9: Spoke to teacher | B9: =COUNTIFS('Call Log'!$E$5:$E$134,1,'Call Log'!$J$5:$J$134,"Teacher") -> 0 | C9: =COUNTIFS('Call Log'!$E$5:$E$134,2,'Call Log'!$J$5:$J$134,"Teacher") -> 0 | D9: =COUNTIFS('Call Log'!$E$5:$E$134,3,'Call Log'!$J$5:$J$134,"Teacher") -> 0 | E9: =COUNTIFS('Call Log'!$E$5:$E$134,4,'Call Log'!$J$5:$J$134,"Teacher") -> 0 | F9: =COUNTIFS('Call Log'!$E$5:$E$134,5,'Call Log'!$J$5:$J$134,"Teacher") -> 0 | G9: =SUM(B9:F9) -> 0
A10: Manager / hotline contacted | B10: =COUNTIFS('Call Log'!$E$5:$E$134,1,'Call Log'!$K$5:$K$134,"Yes") -> 0 | C10: =COUNTIFS('Call Log'!$E$5:$E$134,2,'Call Log'!$K$5:$K$134,"Yes") -> 0 | D10: =COUNTIFS('Call Log'!$E$5:$E$134,3,'Call Log'!$K$5:$K$134,"Yes") -> 0 | E10: =COUNTIFS('Call Log'!$E$5:$E$134,4,'Call Log'!$K$5:$K$134,"Yes") -> 0 | F10: =COUNTIFS('Call Log'!$E$5:$E$134,5,'Call Log'!$K$5:$K$134,"Yes") -> 0 | G10: =SUM(B10:F10) -> 0
A11: Demo video sent | B11: =COUNTIFS('Call Log'!$E$5:$E$134,1,'Call Log'!$M$5:$M$134,"Yes") -> 0 | C11: =COUNTIFS('Call Log'!$E$5:$E$134,2,'Call Log'!$M$5:$M$134,"Yes") -> 0 | D11: =COUNTIFS('Call Log'!$E$5:$E$134,3,'Call Log'!$M$5:$M$134,"Yes") -> 0 | E11: =COUNTIFS('Call Log'!$E$5:$E$134,4,'Call Log'!$M$5:$M$134,"Yes") -> 0 | F11: =COUNTIFS('Call Log'!$E$5:$E$134,5,'Call Log'!$M$5:$M$134,"Yes") -> 0 | G11: =SUM(B11:F11) -> 0
A12: Detailed message sent | B12: =COUNTIFS('Call Log'!$E$5:$E$134,1,'Call Log'!$N$5:$N$134,"Yes") -> 0 | C12: =COUNTIFS('Call Log'!$E$5:$E$134,2,'Call Log'!$N$5:$N$134,"Yes") -> 0 | D12: =COUNTIFS('Call Log'!$E$5:$E$134,3,'Call Log'!$N$5:$N$134,"Yes") -> 0 | E12: =COUNTIFS('Call Log'!$E$5:$E$134,4,'Call Log'!$N$5:$N$134,"Yes") -> 0 | F12: =COUNTIFS('Call Log'!$E$5:$E$134,5,'Call Log'!$N$5:$N$134,"Yes") -> 0 | G12: =SUM(B12:F12) -> 0
A13: Prices proposed (count) | B13: =COUNTIFS('Call Log'!$E$5:$E$134,1,'Call Log'!$P$5:$P$134,">0") -> 0 | C13: =COUNTIFS('Call Log'!$E$5:$E$134,2,'Call Log'!$P$5:$P$134,">0") -> 0 | D13: =COUNTIFS('Call Log'!$E$5:$E$134,3,'Call Log'!$P$5:$P$134,">0") -> 0 | E13: =COUNTIFS('Call Log'!$E$5:$E$134,4,'Call Log'!$P$5:$P$134,">0") -> 0 | F13: =COUNTIFS('Call Log'!$E$5:$E$134,5,'Call Log'!$P$5:$P$134,">0") -> 0 | G13: =SUM(B13:F13) -> 0
A14: Average price proposed (LKR) | B14: =IFERROR(AVERAGEIFS('Call Log'!$P$5:$P$134,'Call Log'!$E$5:$E$134,1,'Call Log'!$P$5:$P$134,">0"),0) -> 0 | C14: =IFERROR(AVERAGEIFS('Call Log'!$P$5:$P$134,'Call Log'!$E$5:$E$134,2,'Call Log'!$P$5:$P$134,">0"),0) -> 0 | D14: =IFERROR(AVERAGEIFS('Call Log'!$P$5:$P$134,'Call Log'!$E$5:$E$134,3,'Call Log'!$P$5:$P$134,">0"),0) -> 0 | E14: =IFERROR(AVERAGEIFS('Call Log'!$P$5:$P$134,'Call Log'!$E$5:$E$134,4,'Call Log'!$P$5:$P$134,">0"),0) -> 0 | F14: =IFERROR(AVERAGEIFS('Call Log'!$P$5:$P$134,'Call Log'!$E$5:$E$134,5,'Call Log'!$P$5:$P$134,">0"),0) -> 0 | G14: =IFERROR(AVERAGEIF('Call Log'!$P$5:$P$134,">0"),0) -> 0
A15: Interested / negotiating / deal | B15: =COUNTIFS('Call Log'!$E$5:$E$134,1,'Call Log'!$R$5:$R$134,"Interested")+COUNTIFS('Call Log'!$E$5:$E$134,1,'Call Log'!$R$5:$R$134,"Negotiating")+COUNTIFS('Call Log'!$E$5:$E$134,1,'Call Log'!$R$5:$R$134,"Confirmed / Deal") -> 0 | C15: =COUNTIFS('Call Log'!$E$5:$E$134,2,'Call Log'!$R$5:$R$134,"Interested")+COUNTIFS('Call Log'!$E$5:$E$134,2,'Call Log'!$R$5:$R$134,"Negotiating")+COUNTIFS('Call Log'!$E$5:$E$134,2,'Call Log'!$R$5:$R$134,"Confirmed / Deal") -> 0 | D15: =COUNTIFS('Call Log'!$E$5:$E$134,3,'Call Log'!$R$5:$R$134,"Interested")+COUNTIFS('Call Log'!$E$5:$E$134,3,'Call Log'!$R$5:$R$134,"Negotiating")+COUNTIFS('Call Log'!$E$5:$E$134,3,'Call Log'!$R$5:$R$134,"Confirmed / Deal") -> 0 | E15: =COUNTIFS('Call Log'!$E$5:$E$134,4,'Call Log'!$R$5:$R$134,"Interested")+COUNTIFS('Call Log'!$E$5:$E$134,4,'Call Log'!$R$5:$R$134,"Negotiating")+COUNTIFS('Call Log'!$E$5:$E$134,4,'Call Log'!$R$5:$R$134,"Confirmed / Deal") -> 0 | F15: =COUNTIFS('Call Log'!$E$5:$E$134,5,'Call Log'!$R$5:$R$134,"Interested")+COUNTIFS('Call Log'!$E$5:$E$134,5,'Call Log'!$R$5:$R$134,"Negotiating")+COUNTIFS('Call Log'!$E$5:$E$134,5,'Call Log'!$R$5:$R$134,"Confirmed / Deal") -> 0 | G15: =SUM(B15:F15) -> 0
A16: Not interested | B16: =COUNTIFS('Call Log'!$E$5:$E$134,1,'Call Log'!$R$5:$R$134,"Not interested") -> 0 | C16: =COUNTIFS('Call Log'!$E$5:$E$134,2,'Call Log'!$R$5:$R$134,"Not interested") -> 0 | D16: =COUNTIFS('Call Log'!$E$5:$E$134,3,'Call Log'!$R$5:$R$134,"Not interested") -> 0 | E16: =COUNTIFS('Call Log'!$E$5:$E$134,4,'Call Log'!$R$5:$R$134,"Not interested") -> 0 | F16: =COUNTIFS('Call Log'!$E$5:$E$134,5,'Call Log'!$R$5:$R$134,"Not interested") -> 0 | G16: =SUM(B16:F16) -> 0
A19: Teachers by overall status
A20: Not started | B20: =COUNTIF(Contacts!$T$5:$T$30,A20) -> 26
A21: In progress | B21: =COUNTIF(Contacts!$T$5:$T$30,A21) -> 0
A22: Interested | B22: =COUNTIF(Contacts!$T$5:$T$30,A22) -> 0
A23: Negotiating | B23: =COUNTIF(Contacts!$T$5:$T$30,A23) -> 0
A24: Won | B24: =COUNTIF(Contacts!$T$5:$T$30,A24) -> 0
A25: Lost / Not interested | B25: =COUNTIF(Contacts!$T$5:$T$30,A25) -> 0
A26: Total teachers | B26: =SUM(B20:B25) -> 26
A27: Teachers with a phone number | B27: =COUNTIF(Contacts!$D$5:$D$30,"?*") -> 20
A28: Teachers never called yet | B28: =COUNTIF(Contacts!$M$5:$M$30,0) -> 26

Sheet Contacts
A1: TEACHER CONTACT MASTER
A2: Yellow-header columns = you type. Grey columns calculate from the Call Log. Numbers and names come from your photo; the 6 teachers marked 'no number' were only in your checklist - add their numbers in Phone 1.
G3: Ticked = [x], Unticked = [ ] in your list | T3: Set manually
A4: ID | B4: Teacher Name | C4: Subject | D4: Phone 1 | E4: Phone 2 | F4: Phone 3 | G4: Source Checklist (your tick list) | H4: Round 1 Outcome | I4: Round 2 Outcome | J4: Round 3 Outcome | K4: Round 4 Outcome | L4: Round 5 Outcome | M4: Rounds Attempted | N4: Reached Teacher / Mgr / Hotline | O4: Manager / Hotline Contacted? | P4: Demo Video Sent? | Q4: Detailed Msg Sent? | R4: Latest Price Proposed (LKR) | S4: Latest Interest Level | T4: Overall Status | U4: Next Follow-up | V4: Notes
A5: 1 | B5: Darshana Ukuwela | C5: Physics | D5: 071 344 4555 | G5: Unticked | H5: =IFERROR(INDEX('Call Log'!$I$5:$I$134,MATCH($A5&"-R1",'Call Log'!$A$5:$A$134,0))&"","") | I5: =IFERROR(INDEX('Call Log'!$I$5:$I$134,MATCH($A5&"-R2",'Call Log'!$A$5:$A$134,0))&"","") | J5: =IFERROR(INDEX('Call Log'!$I$5:$I$134,MATCH($A5&"-R3",'Call Log'!$A$5:$A$134,0))&"","") | K5: =IFERROR(INDEX('Call Log'!$I$5:$I$134,MATCH($A5&"-R4",'Call Log'!$A$5:$A$134,0))&"","") | L5: =IFERROR(INDEX('Call Log'!$I$5:$I$134,MATCH($A5&"-R5",'Call Log'!$A$5:$A$134,0))&"","") | M5: =COUNTIF(H5:L5,"?*") -> 0 | N5: =IF(COUNTIFS('Call Log'!$B$5:$B$134,$A5,'Call Log'!$J$5:$J$134,"Teacher")+COUNTIFS('Call Log'!$B$5:$B$134,$A5,'Call Log'!$J$5:$J$134,"Manager")+COUNTIFS('Call Log'!$B$5:$B$134,$A5,'Call Log'!$J$5:$J$134,"Hotline")>0,"Yes","No") -> No | O5: =IF(COUNTIFS('Call Log'!$B$5:$B$134,$A5,'Call Log'!$K$5:$K$134,"Yes")>0,"Yes","No") -> No | P5: =IF(COUNTIFS('Call Log'!$B$5:$B$134,$A5,'Call Log'!$M$5:$M$134,"Yes")>0,"Yes","No") -> No | Q5: =IF(COUNTIFS('Call Log'!$B$5:$B$134,$A5,'Call Log'!$N$5:$N$134,"Yes")>0,"Yes","No") -> No | R5: =IFERROR(LOOKUP(2,1/(('Call Log'!$B$5:$B$134=$A5)*('Call Log'!$P$5:$P$134<>"")),'Call Log'!$P$5:$P$134),"") | S5: =IFERROR(LOOKUP(2,1/(('Call Log'!$B$5:$B$134=$A5)*('Call Log'!$R$5:$R$134<>"")),'Call Log'!$R$5:$R$134)&"","") | T5: Not started | U5: =IFERROR(LOOKUP(2,1/(('Call Log'!$B$5:$B$134=$A5)*('Call Log'!$T$5:$T$134<>"")),'Call Log'!$T$5:$T$134),"")
A6: 2 | B6: Nilantha Jayasuriya | C6: Physics | D6: 070 153 5353 | G6: Ticked | H6: =IFERROR(INDEX('Call Log'!$I$5:$I$134,MATCH($A6&"-R1",'Call Log'!$A$5:$A$134,0))&"","") | I6: =IFERROR(INDEX('Call Log'!$I$5:$I$134,MATCH($A6&"-R2",'Call Log'!$A$5:$A$134,0))&"","") | J6: =IFERROR(INDEX('Call Log'!$I$5:$I$134,MATCH($A6&"-R3",'Call Log'!$A$5:$A$134,0))&"","") | K6: =IFERROR(INDEX('Call Log'!$I$5:$I$134,MATCH($A6&"-R4",'Call Log'!$A$5:$A$134,0))&"","") | L6: =IFERROR(INDEX('Call Log'!$I$5:$I$134,MATCH($A6&"-R5",'Call Log'!$A$5:$A$134,0))&"","") | M6: =COUNTIF(H6:L6,"?*") -> 0 | N6: =IF(COUNTIFS('Call Log'!$B$5:$B$134,$A6,'Call Log'!$J$5:$J$134,"Teacher")+COUNTIFS('Call Log'!$B$5:$B$134,$A6,'Call Log'!$J$5:$J$134,"Manager")+COUNTIFS('Call Log'!$B$5:$B$134,$A6,'Call Log'!$J$5:$J$134,"Hotline")>0,"Yes","No") -> No | O6: =IF(COUNTIFS('Call Log'!$B$5:$B$134,$A6,'Call Log'!$K$5:$K$134,"Yes")>0,"Yes","No") -> No | P6: =IF(COUNTIFS('Call Log'!$B$5:$B$134,$A6,'Call Log'!$M$5:$M$134,"Yes")>0,"Yes","No") -> No | Q6: =IF(COUNTIFS('Call Log'!$B$5:$B$134,$A6,'Call Log'!$N$5:$N$134,"Yes")>0,"Yes","No") -> No | R6: =IFERROR(LOOKUP(2,1/(('Call Log'!$B$5:$B$134=$A6)*('Call Log'!$P$5:$P$134<>"")),'Call Log'!$P$5:$P$134),"") | S6: =IFERROR(LOOKUP(2,1/(('Call Log'!$B$5:$B$134=$A6)*('Call Log'!$R$5:$R$134<>"")),'Call Log'!$R$5:$R$134)&"","") | T6: Not started | U6: =IFERROR(LOOKUP(2,1/(('Call Log'!$B$5:$B$134=$A6)*('Call Log'!$T$5:$T$134<>"")),'Call Log'!$T$5:$T$134),"")
A7: 3 | B7: Janindu Leelananda | C7: Physics | D7: 076 666 3851 | G7: Unticked | H7: =IFERROR(INDEX('Call Log'!$I$5:$I$134,MATCH($A7&"-R1",'Call Log'!$A$5:$A$134,0))&"","") | I7: =IFERROR(INDEX('Call Log'!$I$5:$I$134,MATCH($A7&"-R2",'Call Log'!$A$5:$A$134,0))&"","") | J7: =IFERROR(INDEX('Call Log'!$I$5:$I$134,MATCH($A7&"-R3",'Call Log'!$A$5:$A$134,0))&"","") | K7: =IFERROR(INDEX('Call Log'!$I$5:$I$134,MATCH($A7&"-R4",'Call Log'!$A$5:$A$134,0))&"","") | L7: =IFERROR(INDEX('Call Log'!$I$5:$I$134,MATCH($A7&"-R5",'Call Log'!$A$5:$A$134,0))&"","") | M7: =COUNTIF(H7:L7,"?*") -> 0 | N7: =IF(COUNTIFS('Call Log'!$B$5:$B$134,$A7,'Call Log'!$J$5:$J$134,"Teacher")+COUNTIFS('Call Log'!$B$5:$B$134,$A7,'Call Log'!$J$5:$J$134,"Manager")+COUNTIFS('Call Log'!$B$5:$B$134,$A7,'Call Log'!$J$5:$J$134,"Hotline")>0,"Yes","No") -> No | O7: =IF(COUNTIFS('Call Log'!$B$5:$B$134,$A7,'Call Log'!$K$5:$K$134,"Yes")>0,"Yes","No") -> No | P7: =IF(COUNTIFS('Call Log'!$B$5:$B$134,$A7,'Call Log'!$M$5:$M$134,"Yes")>0,"Yes","No") -> No | Q7: =IF(COUNTIFS('Call Log'!$B$5:$B$134,$A7,'Call Log'!$N$5:$N$134,"Yes")>0,"Yes","No") -> No | R7: =IFERROR(LOOKUP(2,1/(('Call Log'!$B$5:$B$134=$A7)*('Call Log'!$P$5:$P$134<>"")),'Call Log'!$P$5:$P$134),"") | S7: =IFERROR(LOOKUP(2,1/(('Call Log'!$B$5:$B$134=$A7)*('Call Log'!$R$5:$R$134<>"")),'Call Log'!$R$5:$R$134)&"","") | T7: Not started | U7: =IFERROR(LOOKUP(2,1/(('Call Log'!$B$5:$B$134=$A7)*('Call Log'!$T$5:$T$134<>"")),'Call Log'!$T$5:$T$134),"")
A8: 4 | B8: Mahen Jecob | C8: Physics | D8: 075 123 0193 | H8: =IFERROR(INDEX('Call Log'!$I$5:$I$134,MATCH($A8&"-R1",'Call Log'!$A$5:$A$134,0))&"","") | I8: =IFERROR(INDEX('Call Log'!$I$5:$I$134,MATCH($A8&"-R2",'Call Log'!$A$5:$A$134,0))&"","") | J8: =IFERROR(INDEX('Call Log'!$I$5:$I$134,MATCH($A8&"-R3",'Call Log'!$A$5:$A$134,0))&"","") | K8: =IFERROR(INDEX('Call Log'!$I$5:$I$134,MATCH($A8&"-R4",'Call Log'!$A$5:$A$134,0))&"","") | L8: =IFERROR(INDEX('Call Log'!$I$5:$I$134,MATCH($A8&"-R5",'Call Log'!$A$5:$A$134,0))&"","") | M8: =COUNTIF(H8:L8,"?*") -> 0 | N8: =IF(COUNTIFS('Call Log'!$B$5:$B$134,$A8,'Call Log'!$J$5:$J$134,"Teacher")+COUNTIFS('Call Log'!$B$5:$B$134,$A8,'Call Log'!$J$5:$J$134,"Manager")+COUNTIFS('Call Log'!$B$5:$B$134,$A8,'Call Log'!$J$5:$J$134,"Hotline")>0,"Yes","No") -> No | O8: =IF(COUNTIFS('Call Log'!$B$5:$B$134,$A8,'Call Log'!$K$5:$K$134,"Yes")>0,"Yes","No") -> No | P8: =IF(COUNTIFS('Call Log'!$B$5:$B$134,$A8,'Call Log'!$M$5:$M$134,"Yes")>0,"Yes","No") -> No | Q8: =IF(COUNTIFS('Call Log'!$B$5:$B$134,$A8,'Call Log'!$N$5:$N$134,"Yes")>0,"Yes","No") -> No | R8: =IFERROR(LOOKUP(2,1/(('Call Log'!$B$5:$B$134=$A8)*('Call Log'!$P$5:$P$134<>"")),'Call Log'!$P$5:$P$134),"") | S8: =IFERROR(LOOKUP(2,1/(('Call Log'!$B$5:$B$134=$A8)*('Call Log'!$R$5:$R$134<>"")),'Call Log'!$R$5:$R$134)&"","") | T8: Not started | U8: =IFERROR(LOOKUP(2,1/(('Call Log'!$B$5:$B$134=$A8)*('Call Log'!$T$5:$T$134<>"")),'Call Log'!$T$5:$T$134),"")
A9: 5 | B9: Charitha Dissanayake | C9: Chemistry | D9: 077 767 4747 | G9: Unticked | H9: =IFERROR(INDEX('Call Log'!$I$5:$I$134,MATCH($A9&"-R1",'Call Log'!$A$5:$A$134,0))&"","") | I9: =IFERROR(INDEX('Call Log'!$I$5:$I$134,MATCH($A9&"-R2",'Call Log'!$A$5:$A$134,0))&"","") | J9: =IFERROR(INDEX('Call Log'!$I$5:$I$134,MATCH($A9&"-R3",'Call Log'!$A$5:$A$134,0))&"","") | K9: =IFERROR(INDEX('Call Log'!$I$5:$I$134,MATCH($A9&"-R4",'Call Log'!$A$5:$A$134,0))&"","") | L9: =IFERROR(INDEX('Call Log'!$I$5:$I$134,MATCH($A9&"-R5",'Call Log'!$A$5:$A$134,0))&"","") | M9: =COUNTIF(H9:L9,"?*") -> 0 | N9: =IF(COUNTIFS('Call Log'!$B$5:$B$134,$A9,'Call Log'!$J$5:$J$134,"Teacher")+COUNTIFS('Call Log'!$B$5:$B$134,$A9,'Call Log'!$J$5:$J$134,"Manager")+COUNTIFS('Call Log'!$B$5:$B$134,$A9,'Call Log'!$J$5:$J$134,"Hotline")>0,"Yes","No") -> No | O9: =IF(COUNTIFS('Call Log'!$B$5:$B$134,$A9,'Call Log'!$K$5:$K$134,"Yes")>0,"Yes","No") -> No | P9: =IF(COUNTIFS('Call Log'!$B$5:$B$134,$A9,'Call Log'!$M$5:$M$134,"Yes")>0,"Yes","No") -> No | Q9: =IF(COUNTIFS('Call Log'!$B$5:$B$134,$A9,'Call Log'!$N$5:$N$134,"Yes")>0,"Yes","No") -> No | R9: =IFERROR(LOOKUP(2,1/(('Call Log'!$B$5:$B$134=$A9)*('Call Log'!$P$5:$P$134<>"")),'Call Log'!$P$5:$P$134),"") | S9: =IFERROR(LOOKUP(2,1/(('Call Log'!$B$5:$B$134=$A9)*('Call Log'!$R$5:$R$134<>"")),'Call Log'!$R$5:$R$134)&"","") | T9: Not started | U9: =IFERROR(LOOKUP(2,1/(('Call Log'!$B$5:$B$134=$A9)*('Call Log'!$T$5:$T$134<>"")),'Call Log'!$T$5:$T$134),"")
A10: 6 | B10: Kelum Senanayake | C10: Chemistry | D10: 074 273 9090 | H10: =IFERROR(INDEX('Call Log'!$I$5:$I$134,MATCH($A10&"-R1",'Call Log'!$A$5:$A$134,0))&"","") | I10: =IFERROR(INDEX('Call Log'!$I$5:$I$134,MATCH($A10&"-R2",'Call Log'!$A$5:$A$134,0))&"","") | J10: =IFERROR(INDEX('Call Log'!$I$5:$I$134,MATCH($A10&"-R3",'Call Log'!$A$5:$A$134,0))&"","") | K10: =IFERROR(INDEX('Call Log'!$I$5:$I$134,MATCH($A10&"-R4",'Call Log'!$A$5:$A$134,0))&"","") | L10: =IFERROR(INDEX('Call Log'!$I$5:$I$134,MATCH($A10&"-R5",'Call Log'!$A$5:$A$134,0))&"","") | M10: =COUNTIF(H10:L10,"?*") -> 0 | N10: =IF(COUNTIFS('Call Log'!$B$5:$B$134,$A10,'Call Log'!$J$5:$J$134,"Teacher")+COUNTIFS('Call Log'!$B$5:$B$134,$A10,'Call Log'!$J$5:$J$134,"Manager")+COUNTIFS('Call Log'!$B$5:$B$134,$A10,'Call Log'!$J$5:$J$134,"Hotline")>0,"Yes","No") -> No | O10: =IF(COUNTIFS('Call Log'!$B$5:$B$134,$A10,'Call Log'!$K$5:$K$134,"Yes")>0,"Yes","No") -> No | P10: =IF(COUNTIFS('Call Log'!$B$5:$B$134,$A10,'Call Log'!$M$5:$M$134,"Yes")>0,"Yes","No") -> No | Q10: =IF(COUNTIFS('Call Log'!$B$5:$B$134,$A10,'Call Log'!$N$5:$N$134,"Yes")>0,"Yes","No") -> No | R10: =IFERROR(LOOKUP(2,1/(('Call Log'!$B$5:$B$134=$A10)*('Call Log'!$P$5:$P$134<>"")),'Call Log'!$P$5:$P$134),"") | S10: =IFERROR(LOOKUP(2,1/(('Call Log'!$B$5:$B$134=$A10)*('Call Log'!$R$5:$R$134<>"")),'Call Log'!$R$5:$R$134)&"","") | T10: Not started | U10: =IFERROR(LOOKUP(2,1/(('Call Log'!$B$5:$B$134=$A10)*('Call Log'!$T$5:$T$134<>"")),'Call Log'!$T$5:$T$134),"")
A11: 7 | B11: Ujith Hemachandra | C11: Chemistry | D11: 070 666 7051 | E11: 070 666 7052 | H11: =IFERROR(INDEX('Call Log'!$I$5:$I$134,MATCH($A11&"-R1",'Call Log'!$A$5:$A$134,0))&"","") | I11: =IFERROR(INDEX('Call Log'!$I$5:$I$134,MATCH($A11&"-R2",'Call Log'!$A$5:$A$134,0))&"","") | J11: =IFERROR(INDEX('Call Log'!$I$5:$I$134,MATCH($A11&"-R3",'Call Log'!$A$5:$A$134,0))&"","") | K11: =IFERROR(INDEX('Call Log'!$I$5:$I$134,MATCH($A11&"-R4",'Call Log'!$A$5:$A$134,0))&"","") | L11: =IFERROR(INDEX('Call Log'!$I$5:$I$134,MATCH($A11&"-R5",'Call Log'!$A$5:$A$134,0))&"","") | M11: =COUNTIF(H11:L11,"?*") -> 0 | N11: =IF(COUNTIFS('Call Log'!$B$5:$B$134,$A11,'Call Log'!$J$5:$J$134,"Teacher")+COUNTIFS('Call Log'!$B$5:$B$134,$A11,'Call Log'!$J$5:$J$134,"Manager")+COUNTIFS('Call Log'!$B$5:$B$134,$A11,'Call Log'!$J$5:$J$134,"Hotline")>0,"Yes","No") -> No | O11: =IF(COUNTIFS('Call Log'!$B$5:$B$134,$A11,'Call Log'!$K$5:$K$134,"Yes")>0,"Yes","No") -> No | P11: =IF(COUNTIFS('Call Log'!$B$5:$B$134,$A11,'Call Log'!$M$5:$M$134,"Yes")>0,"Yes","No") -> No | Q11: =IF(COUNTIFS('Call Log'!$B$5:$B$134,$A11,'Call Log'!$N$5:$N$134,"Yes")>0,"Yes","No") -> No | R11: =IFERROR(LOOKUP(2,1/(('Call Log'!$B$5:$B$134=$A11)*('Call Log'!$P$5:$P$134<>"")),'Call Log'!$P$5:$P$134),"") | S11: =IFERROR(LOOKUP(2,1/(('Call Log'!$B$5:$B$134=$A11)*('Call Log'!$R$5:$R$134<>"")),'Call Log'!$R$5:$R$134)&"","") | T11: Not started | U11: =IFERROR(LOOKUP(2,1/(('Call Log'!$B$5:$B$134=$A11)*('Call Log'!$T$5:$T$134<>"")),'Call Log'!$T$5:$T$134),"")
A12: 8 | B12: Tissa Jananayaka | C12: Bio | D12: 074 016 7200 | G12: Ticked | H12: =IFERROR(INDEX('Call Log'!$I$5:$I$134,MATCH($A12&"-R1",'Call Log'!$A$5:$A$134,0))&"","") | I12: =IFERROR(INDEX('Call Log'!$I$5:$I$134,MATCH($A12&"-R2",'Call Log'!$A$5:$A$134,0))&"","") | J12: =IFERROR(INDEX('Call Log'!$I$5:$I$134,MATCH($A12&"-R3",'Call Log'!$A$5:$A$134,0))&"","") | K12: =IFERROR(INDEX('Call Log'!$I$5:$I$134,MATCH($A12&"-R4",'Call Log'!$A$5:$A$134,0))&"","") | L12: =IFERROR(INDEX('Call Log'!$I$5:$I$134,MATCH($A12&"-R5",'Call Log'!$A$5:$A$134,0))&"","") | M12: =COUNTIF(H12:L12,"?*") -> 0 | N12: =IF(COUNTIFS('Call Log'!$B$5:$B$134,$A12,'Call Log'!$J$5:$J$134,"Teacher")+COUNTIFS('Call Log'!$B$5:$B$134,$A12,'Call Log'!$J$5:$J$134,"Manager")+COUNTIFS('Call Log'!$B$5:$B$134,$A12,'Call Log'!$J$5:$J$134,"Hotline")>0,"Yes","No") -> No | O12: =IF(COUNTIFS('Call Log'!$B$5:$B$134,$A12,'Call Log'!$K$5:$K$134,"Yes")>0,"Yes","No") -> No | P12: =IF(COUNTIFS('Call Log'!$B$5:$B$134,$A12,'Call Log'!$M$5:$M$134,"Yes")>0,"Yes","No") -> No | Q12: =IF(COUNTIFS('Call Log'!$B$5:$B$134,$A12,'Call Log'!$N$5:$N$134,"Yes")>0,"Yes","No") -> No | R12: =IFERROR(LOOKUP(2,1/(('Call Log'!$B$5:$B$134=$A12)*('Call Log'!$P$5:$P$134<>"")),'Call Log'!$P$5:$P$134),"") | S12: =IFERROR(LOOKUP(2,1/(('Call Log'!$B$5:$B$134=$A12)*('Call Log'!$R$5:$R$134<>"")),'Call Log'!$R$5:$R$134)&"","") | T12: Not started | U12: =IFERROR(LOOKUP(2,1/(('Call Log'!$B$5:$B$134=$A12)*('Call Log'!$T$5:$T$134<>"")),'Call Log'!$T$5:$T$134),"")
A13: 9 | B13: Dinesh Muthugala | C13: Bio | D13: 070 244 3322 | G13: Unticked | H13: =IFERROR(INDEX('Call Log'!$I$5:$I$134,MATCH($A13&"-R1",'Call Log'!$A$5:$A$134,0))&"","") | I13: =IFERROR(INDEX('Call Log'!$I$5:$I$134,MATCH($A13&"-R2",'Call Log'!$A$5:$A$134,0))&"","") | J13: =IFERROR(INDEX('Call Log'!$I$5:$I$134,MATCH($A13&"-R3",'Call Log'!$A$5:$A$134,0))&"","") | K13: =IFERROR(INDEX('Call Log'!$I$5:$I$134,MATCH($A13&"-R4",'Call Log'!$A$5:$A$134,0))&"","") | L13: =IFERROR(INDEX('Call Log'!$I$5:$I$134,MATCH($A13&"-R5",'Call Log'!$A$5:$A$134,0))&"","") | M13: =COUNTIF(H13:L13,"?*") -> 0 | N13: =IF(COUNTIFS('Call Log'!$B$5:$B$134,$A13,'Call Log'!$J$5:$J$134,"Teacher")+COUNTIFS('Call Log'!$B$5:$B$134,$A13,'Call Log'!$J$5:$J$134,"Manager")+COUNTIFS('Call Log'!$B$5:$B$134,$A13,'Call Log'!$J$5:$J$134,"Hotline")>0,"Yes","No") -> No | O13: =IF(COUNTIFS('Call Log'!$B$5:$B$134,$A13,'Call Log'!$K$5:$K$134,"Yes")>0,"Yes","No") -> No | P13: =IF(COUNTIFS('Call Log'!$B$5:$B$134,$A13,'Call Log'!$M$5:$M$134,"Yes")>0,"Yes","No") -> No | Q13: =IF(COUNTIFS('Call Log'!$B$5:$B$134,$A13,'Call Log'!$N$5:$N$134,"Yes")>0,"Yes","No") -> No | R13: =IFERROR(LOOKUP(2,1/(('Call Log'!$B$5:$B$134=$A13)*('Call Log'!$P$5:$P$134<>"")),'Call Log'!$P$5:$P$134),"") | S13: =IFERROR(LOOKUP(2,1/(('Call Log'!$B$5:$B$134=$A13)*('Call Log'!$R$5:$R$134<>"")),'Call Log'!$R$5:$R$134)&"","") | T13: Not started | U13: =IFERROR(LOOKUP(2,1/(('Call Log'!$B$5:$B$134=$A13)*('Call Log'!$T$5:$T$134<>"")),'Call Log'!$T$5:$T$134),"")
A14: 10 | B14: Dananjaya Ariyadasa | C14: Bio | D14: 070 208 0845 | H14: =IFERROR(INDEX('Call Log'!$I$5:$I$134,MATCH($A14&"-R1",'Call Log'!$A$5:$A$134,0))&"","") | I14: =IFERROR(INDEX('Call Log'!$I$5:$I$134,MATCH($A14&"-R2",'Call Log'!$A$5:$A$134,0))&"","") | J14: =IFERROR(INDEX('Call Log'!$I$5:$I$134,MATCH($A14&"-R3",'Call Log'!$A$5:$A$134,0))&"","") | K14: =IFERROR(INDEX('Call Log'!$I$5:$I$134,MATCH($A14&"-R4",'Call Log'!$A$5:$A$134,0))&"","") | L14: =IFERROR(INDEX('Call Log'!$I$5:$I$134,MATCH($A14&"-R5",'Call Log'!$A$5:$A$134,0))&"","") | M14: =COUNTIF(H14:L14,"?*") -> 0 | N14: =IF(COUNTIFS('Call Log'!$B$5:$B$134,$A14,'Call Log'!$J$5:$J$134,"Teacher")+COUNTIFS('Call Log'!$B$5:$B$134,$A14,'Call Log'!$J$5:$J$134,"Manager")+COUNTIFS('Call Log'!$B$5:$B$134,$A14,'Call Log'!$J$5:$J$134,"Hotline")>0,"Yes","No") -> No | O14: =IF(COUNTIFS('Call Log'!$B$5:$B$134,$A14,'Call Log'!$K$5:$K$134,"Yes")>0,"Yes","No") -> No | P14: =IF(COUNTIFS('Call Log'!$B$5:$B$134,$A14,'Call Log'!$M$5:$M$134,"Yes")>0,"Yes","No") -> No | Q14: =IF(COUNTIFS('Call Log'!$B$5:$B$134,$A14,'Call Log'!$N$5:$N$134,"Yes")>0,"Yes","No") -> No | R14: =IFERROR(LOOKUP(2,1/(('Call Log'!$B$5:$B$134=$A14)*('Call Log'!$P$5:$P$134<>"")),'Call Log'!$P$5:$P$134),"") | S14: =IFERROR(LOOKUP(2,1/(('Call Log'!$B$5:$B$134=$A14)*('Call Log'!$R$5:$R$134<>"")),'Call Log'!$R$5:$R$134)&"","") | T14: Not started | U14: =IFERROR(LOOKUP(2,1/(('Call Log'!$B$5:$B$134=$A14)*('Call Log'!$T$5:$T$134<>"")),'Call Log'!$T$5:$T$134),"")
A15: 11 | B15: Sashanka Dhanujaya | C15: Bio | D15: 076 909 9230 | H15: =IFERROR(INDEX('Call Log'!$I$5:$I$134,MATCH($A15&"-R1",'Call Log'!$A$5:$A$134,0))&"","") | I15: =IFERROR(INDEX('Call Log'!$I$5:$I$134,MATCH($A15&"-R2",'Call Log'!$A$5:$A$134,0))&"","") | J15: =IFERROR(INDEX('Call Log'!$I$5:$I$134,MATCH($A15&"-R3",'Call Log'!$A$5:$A$134,0))&"","") | K15: =IFERROR(INDEX('Call Log'!$I$5:$I$134,MATCH($A15&"-R4",'Call Log'!$A$5:$A$134,0))&"","") | L15: =IFERROR(INDEX('Call Log'!$I$5:$I$134,MATCH($A15&"-R5",'Call Log'!$A$5:$A$134,0))&"","") | M15: =COUNTIF(H15:L15,"?*") -> 0 | N15: =IF(COUNTIFS('Call Log'!$B$5:$B$134,$A15,'Call Log'!$J$5:$J$134,"Teacher")+COUNTIFS('Call Log'!$B$5:$B$134,$A15,'Call Log'!$J$5:$J$134,"Manager")+COUNTIFS('Call Log'!$B$5:$B$134,$A15,'Call Log'!$J$5:$J$134,"Hotline")>0,"Yes","No") -> No | O15: =IF(COUNTIFS('Call Log'!$B$5:$B$134,$A15,'Call Log'!$K$5:$K$134,"Yes")>0,"Yes","No") -> No | P15: =IF(COUNTIFS('Call Log'!$B$5:$B$134,$A15,'Call Log'!$M$5:$M$134,"Yes")>0,"Yes","No") -> No | Q15: =IF(COUNTIFS('Call Log'!$B$5:$B$134,$A15,'Call Log'!$N$5:$N$134,"Yes")>0,"Yes","No") -> No | R15: =IFERROR(LOOKUP(2,1/(('Call Log'!$B$5:$B$134=$A15)*('Call Log'!$P$5:$P$134<>"")),'Call Log'!$P$5:$P$134),"") | S15: =IFERROR(LOOKUP(2,1/(('Call Log'!$B$5:$B$134=$A15)*('Call Log'!$R$5:$R$134<>"")),'Call Log'!$R$5:$R$134)&"","") | T15: Not started | U15: =IFERROR(LOOKUP(2,1/(('Call Log'!$B$5:$B$134=$A15)*('Call Log'!$T$5:$T$134<>"")),'Call Log'!$T$5:$T$134),"")
A16: 12 | B16: Charitha Munasinghe | C16: Bio | D16: 077 721 9676 | E16: 071 695 4387 | F16: 077 759 0796 | H16: =IFERROR(INDEX('Call Log'!$I$5:$I$134,MATCH($A16&"-R1",'Call Log'!$A$5:$A$134,0))&"","") | I16: =IFERROR(INDEX('Call Log'!$I$5:$I$134,MATCH($A16&"-R2",'Call Log'!$A$5:$A$134,0))&"","") | J16: =IFERROR(INDEX('Call Log'!$I$5:$I$134,MATCH($A16&"-R3",'Call Log'!$A$5:$A$134,0))&"","") | K16: =IFERROR(INDEX('Call Log'!$I$5:$I$134,MATCH($A16&"-R4",'Call Log'!$A$5:$A$134,0))&"","") | L16: =IFERROR(INDEX('Call Log'!$I$5:$I$134,MATCH($A16&"-R5",'Call Log'!$A$5:$A$134,0))&"","") | M16: =COUNTIF(H16:L16,"?*") -> 0 | N16: =IF(COUNTIFS('Call Log'!$B$5:$B$134,$A16,'Call Log'!$J$5:$J$134,"Teacher")+COUNTIFS('Call Log'!$B$5:$B$134,$A16,'Call Log'!$J$5:$J$134,"Manager")+COUNTIFS('Call Log'!$B$5:$B$134,$A16,'Call Log'!$J$5:$J$134,"Hotline")>0,"Yes","No") -> No | O16: =IF(COUNTIFS('Call Log'!$B$5:$B$134,$A16,'Call Log'!$K$5:$K$134,"Yes")>0,"Yes","No") -> No | P16: =IF(COUNTIFS('Call Log'!$B$5:$B$134,$A16,'Call Log'!$M$5:$M$134,"Yes")>0,"Yes","No") -> No | Q16: =IF(COUNTIFS('Call Log'!$B$5:$B$134,$A16,'Call Log'!$N$5:$N$134,"Yes")>0,"Yes","No") -> No | R16: =IFERROR(LOOKUP(2,1/(('Call Log'!$B$5:$B$134=$A16)*('Call Log'!$P$5:$P$134<>"")),'Call Log'!$P$5:$P$134),"") | S16: =IFERROR(LOOKUP(2,1/(('Call Log'!$B$5:$B$134=$A16)*('Call Log'!$R$5:$R$134<>"")),'Call Log'!$R$5:$R$134)&"","") | T16: Not started | U16: =IFERROR(LOOKUP(2,1/(('Call Log'!$B$5:$B$134=$A16)*('Call Log'!$T$5:$T$134<>"")),'Call Log'!$T$5:$T$134),"")
A17: 13 | B17: Virul Weerakoon | C17: Bio | D17: 070 611 8842 | G17: Unticked | H17: =IFERROR(INDEX('Call Log'!$I$5:$I$134,MATCH($A17&"-R1",'Call Log'!$A$5:$A$134,0))&"","") | I17: =IFERROR(INDEX('Call Log'!$I$5:$I$134,MATCH($A17&"-R2",'Call Log'!$A$5:$A$134,0))&"","") | J17: =IFERROR(INDEX('Call Log'!$I$5:$I$134,MATCH($A17&"-R3",'Call Log'!$A$5:$A$134,0))&"","") | K17: =IFERROR(INDEX('Call Log'!$I$5:$I$134,MATCH($A17&"-R4",'Call Log'!$A$5:$A$134,0))&"","") | L17: =IFERROR(INDEX('Call Log'!$I$5:$I$134,MATCH($A17&"-R5",'Call Log'!$A$5:$A$134,0))&"","") | M17: =COUNTIF(H17:L17,"?*") -> 0 | N17: =IF(COUNTIFS('Call Log'!$B$5:$B$134,$A17,'Call Log'!$J$5:$J$134,"Teacher")+COUNTIFS('Call Log'!$B$5:$B$134,$A17,'Call Log'!$J$5:$J$134,"Manager")+COUNTIFS('Call Log'!$B$5:$B$134,$A17,'Call Log'!$J$5:$J$134,"Hotline")>0,"Yes","No") -> No | O17: =IF(COUNTIFS('Call Log'!$B$5:$B$134,$A17,'Call Log'!$K$5:$K$134,"Yes")>0,"Yes","No") -> No | P17: =IF(COUNTIFS('Call Log'!$B$5:$B$134,$A17,'Call Log'!$M$5:$M$134,"Yes")>0,"Yes","No") -> No | Q17: =IF(COUNTIFS('Call Log'!$B$5:$B$134,$A17,'Call Log'!$N$5:$N$134,"Yes")>0,"Yes","No") -> No | R17: =IFERROR(LOOKUP(2,1/(('Call Log'!$B$5:$B$134=$A17)*('Call Log'!$P$5:$P$134<>"")),'Call Log'!$P$5:$P$134),"") | S17: =IFERROR(LOOKUP(2,1/(('Call Log'!$B$5:$B$134=$A17)*('Call Log'!$R$5:$R$134<>"")),'Call Log'!$R$5:$R$134)&"","") | T17: Not started | U17: =IFERROR(LOOKUP(2,1/(('Call Log'!$B$5:$B$134=$A17)*('Call Log'!$T$5:$T$134<>"")),'Call Log'!$T$5:$T$134),"")
A18: 14 | B18: Sanjeewa Rajapaksha | C18: Agri | D18: 070 298 3055 | H18: =IFERROR(INDEX('Call Log'!$I$5:$I$134,MATCH($A18&"-R1",'Call Log'!$A$5:$A$134,0))&"","") | I18: =IFERROR(INDEX('Call Log'!$I$5:$I$134,MATCH($A18&"-R2",'Call Log'!$A$5:$A$134,0))&"","") | J18: =IFERROR(INDEX('Call Log'!$I$5:$I$134,MATCH($A18&"-R3",'Call Log'!$A$5:$A$134,0))&"","") | K18: =IFERROR(INDEX('Call Log'!$I$5:$I$134,MATCH($A18&"-R4",'Call Log'!$A$5:$A$134,0))&"","") | L18: =IFERROR(INDEX('Call Log'!$I$5:$I$134,MATCH($A18&"-R5",'Call Log'!$A$5:$A$134,0))&"","") | M18: =COUNTIF(H18:L18,"?*") -> 0 | N18: =IF(COUNTIFS('Call Log'!$B$5:$B$134,$A18,'Call Log'!$J$5:$J$134,"Teacher")+COUNTIFS('Call Log'!$B$5:$B$134,$A18,'Call Log'!$J$5:$J$134,"Manager")+COUNTIFS('Call Log'!$B$5:$B$134,$A18,'Call Log'!$J$5:$J$134,"Hotline")>0,"Yes","No") -> No | O18: =IF(COUNTIFS('Call Log'!$B$5:$B$134,$A18,'Call Log'!$K$5:$K$134,"Yes")>0,"Yes","No") -> No | P18: =IF(COUNTIFS('Call Log'!$B$5:$B$134,$A18,'Call Log'!$M$5:$M$134,"Yes")>0,"Yes","No") -> No | Q18: =IF(COUNTIFS('Call Log'!$B$5:$B$134,$A18,'Call Log'!$N$5:$N$134,"Yes")>0,"Yes","No") -> No | R18: =IFERROR(LOOKUP(2,1/(('Call Log'!$B$5:$B$134=$A18)*('Call Log'!$P$5:$P$134<>"")),'Call Log'!$P$5:$P$134),"") | S18: =IFERROR(LOOKUP(2,1/(('Call Log'!$B$5:$B$134=$A18)*('Call Log'!$R$5:$R$134<>"")),'Call Log'!$R$5:$R$134)&"","") | T18: Not started | U18: =IFERROR(LOOKUP(2,1/(('Call Log'!$B$5:$B$134=$A18)*('Call Log'!$T$5:$T$134<>"")),'Call Log'!$T$5:$T$134),"")
A19: 15 | B19: Upul Weerasinghe | C19: SFT | D19: 070 289 0900 | G19: Ticked | H19: =IFERROR(INDEX('Call Log'!$I$5:$I$134,MATCH($A19&"-R1",'Call Log'!$A$5:$A$134,0))&"","") | I19: =IFERROR(INDEX('Call Log'!$I$5:$I$134,MATCH($A19&"-R2",'Call Log'!$A$5:$A$134,0))&"","") | J19: =IFERROR(INDEX('Call Log'!$I$5:$I$134,MATCH($A19&"-R3",'Call Log'!$A$5:$A$134,0))&"","") | K19: =IFERROR(INDEX('Call Log'!$I$5:$I$134,MATCH($A19&"-R4",'Call Log'!$A$5:$A$134,0))&"","") | L19: =IFERROR(INDEX('Call Log'!$I$5:$I$134,MATCH($A19&"-R5",'Call Log'!$A$5:$A$134,0))&"","") | M19: =COUNTIF(H19:L19,"?*") -> 0 | N19: =IF(COUNTIFS('Call Log'!$B$5:$B$134,$A19,'Call Log'!$J$5:$J$134,"Teacher")+COUNTIFS('Call Log'!$B$5:$B$134,$A19,'Call Log'!$J$5:$J$134,"Manager")+COUNTIFS('Call Log'!$B$5:$B$134,$A19,'Call Log'!$J$5:$J$134,"Hotline")>0,"Yes","No") -> No | O19: =IF(COUNTIFS('Call Log'!$B$5:$B$134,$A19,'Call Log'!$K$5:$K$134,"Yes")>0,"Yes","No") -> No | P19: =IF(COUNTIFS('Call Log'!$B$5:$B$134,$A19,'Call Log'!$M$5:$M$134,"Yes")>0,"Yes","No") -> No | Q19: =IF(COUNTIFS('Call Log'!$B$5:$B$134,$A19,'Call Log'!$N$5:$N$134,"Yes")>0,"Yes","No") -> No | R19: =IFERROR(LOOKUP(2,1/(('Call Log'!$B$5:$B$134=$A19)*('Call Log'!$P$5:$P$134<>"")),'Call Log'!$P$5:$P$134),"") | S19: =IFERROR(LOOKUP(2,1/(('Call Log'!$B$5:$B$134=$A19)*('Call Log'!$R$5:$R$134<>"")),'Call Log'!$R$5:$R$134)&"","") | T19: Not started | U19: =IFERROR(LOOKUP(2,1/(('Call Log'!$B$5:$B$134=$A19)*('Call Log'!$T$5:$T$134<>"")),'Call Log'!$T$5:$T$134),"")
A20: 16 | B20: Amila D Samarasinghe | C20: ET | D20: 070 111 3021 | G20: Ticked | H20: =IFERROR(INDEX('Call Log'!$I$5:$I$134,MATCH($A20&"-R1",'Call Log'!$A$5:$A$134,0))&"","") | I20: =IFERROR(INDEX('Call Log'!$I$5:$I$134,MATCH($A20&"-R2",'Call Log'!$A$5:$A$134,0))&"","") | J20: =IFERROR(INDEX('Call Log'!$I$5:$I$134,MATCH($A20&"-R3",'Call Log'!$A$5:$A$134,0))&"","") | K20: =IFERROR(INDEX('Call Log'!$I$5:$I$134,MATCH($A20&"-R4",'Call Log'!$A$5:$A$134,0))&"","") | L20: =IFERROR(INDEX('Call Log'!$I$5:$I$134,MATCH($A20&"-R5",'Call Log'!$A$5:$A$134,0))&"","") | M20: =COUNTIF(H20:L20,"?*") -> 0 | N20: =IF(COUNTIFS('Call Log'!$B$5:$B$134,$A20,'Call Log'!$J$5:$J$134,"Teacher")+COUNTIFS('Call Log'!$B$5:$B$134,$A20,'Call Log'!$J$5:$J$134,"Manager")+COUNTIFS('Call Log'!$B$5:$B$134,$A20,'Call Log'!$J$5:$J$134,"Hotline")>0,"Yes","No") -> No | O20: =IF(COUNTIFS('Call Log'!$B$5:$B$134,$A20,'Call Log'!$K$5:$K$134,"Yes")>0,"Yes","No") -> No | P20: =IF(COUNTIFS('Call Log'!$B$5:$B$134,$A20,'Call Log'!$M$5:$M$134,"Yes")>0,"Yes","No") -> No | Q20: =IF(COUNTIFS('Call Log'!$B$5:$B$134,$A20,'Call Log'!$N$5:$N$134,"Yes")>0,"Yes","No") -> No | R20: =IFERROR(LOOKUP(2,1/(('Call Log'!$B$5:$B$134=$A20)*('Call Log'!$P$5:$P$134<>"")),'Call Log'!$P$5:$P$134),"") | S20: =IFERROR(LOOKUP(2,1/(('Call Log'!$B$5:$B$134=$A20)*('Call Log'!$R$5:$R$134<>"")),'Call Log'!$R$5:$R$134)&"","") | T20: Not started | U20: =IFERROR(LOOKUP(2,1/(('Call Log'!$B$5:$B$134=$A20)*('Call Log'!$T$5:$T$134<>"")),'Call Log'!$T$5:$T$134),"")
A21: 17 | B21: Bhanuka Ekanayake | C21: ICT | D21: 071 300 5005 | G21: Unticked | H21: =IFERROR(INDEX('Call Log'!$I$5:$I$134,MATCH($A21&"-R1",'Call Log'!$A$5:$A$134,0))&"","") | I21: =IFERROR(INDEX('Call Log'!$I$5:$I$134,MATCH($A21&"-R2",'Call Log'!$A$5:$A$134,0))&"","") | J21: =IFERROR(INDEX('Call Log'!$I$5:$I$134,MATCH($A21&"-R3",'Call Log'!$A$5:$A$134,0))&"","") | K21: =IFERROR(INDEX('Call Log'!$I$5:$I$134,MATCH($A21&"-R4",'Call Log'!$A$5:$A$134,0))&"","") | L21: =IFERROR(INDEX('Call Log'!$I$5:$I$134,MATCH($A21&"-R5",'Call Log'!$A$5:$A$134,0))&"","") | M21: =COUNTIF(H21:L21,"?*") -> 0 | N21: =IF(COUNTIFS('Call Log'!$B$5:$B$134,$A21,'Call Log'!$J$5:$J$134,"Teacher")+COUNTIFS('Call Log'!$B$5:$B$134,$A21,'Call Log'!$J$5:$J$134,"Manager")+COUNTIFS('Call Log'!$B$5:$B$134,$A21,'Call Log'!$J$5:$J$134,"Hotline")>0,"Yes","No") -> No | O21: =IF(COUNTIFS('Call Log'!$B$5:$B$134,$A21,'Call Log'!$K$5:$K$134,"Yes")>0,"Yes","No") -> No | P21: =IF(COUNTIFS('Call Log'!$B$5:$B$134,$A21,'Call Log'!$M$5:$M$134,"Yes")>0,"Yes","No") -> No | Q21: =IF(COUNTIFS('Call Log'!$B$5:$B$134,$A21,'Call Log'!$N$5:$N$134,"Yes")>0,"Yes","No") -> No | R21: =IFERROR(LOOKUP(2,1/(('Call Log'!$B$5:$B$134=$A21)*('Call Log'!$P$5:$P$134<>"")),'Call Log'!$P$5:$P$134),"") | S21: =IFERROR(LOOKUP(2,1/(('Call Log'!$B$5:$B$134=$A21)*('Call Log'!$R$5:$R$134<>"")),'Call Log'!$R$5:$R$134)&"","") | T21: Not started | U21: =IFERROR(LOOKUP(2,1/(('Call Log'!$B$5:$B$134=$A21)*('Call Log'!$T$5:$T$134<>"")),'Call Log'!$T$5:$T$134),"")
A22: 18 | B22: Lucky Chathuranga | C22: Econ | D22: 077 088 0663 | H22: =IFERROR(INDEX('Call Log'!$I$5:$I$134,MATCH($A22&"-R1",'Call Log'!$A$5:$A$134,0))&"","") | I22: =IFERROR(INDEX('Call Log'!$I$5:$I$134,MATCH($A22&"-R2",'Call Log'!$A$5:$A$134,0))&"","") | J22: =IFERROR(INDEX('Call Log'!$I$5:$I$134,MATCH($A22&"-R3",'Call Log'!$A$5:$A$134,0))&"","") | K22: =IFERROR(INDEX('Call Log'!$I$5:$I$134,MATCH($A22&"-R4",'Call Log'!$A$5:$A$134,0))&"","") | L22: =IFERROR(INDEX('Call Log'!$I$5:$I$134,MATCH($A22&"-R5",'Call Log'!$A$5:$A$134,0))&"","") | M22: =COUNTIF(H22:L22,"?*") -> 0 | N22: =IF(COUNTIFS('Call Log'!$B$5:$B$134,$A22,'Call Log'!$J$5:$J$134,"Teacher")+COUNTIFS('Call Log'!$B$5:$B$134,$A22,'Call Log'!$J$5:$J$134,"Manager")+COUNTIFS('Call Log'!$B$5:$B$134,$A22,'Call Log'!$J$5:$J$134,"Hotline")>0,"Yes","No") -> No | O22: =IF(COUNTIFS('Call Log'!$B$5:$B$134,$A22,'Call Log'!$K$5:$K$134,"Yes")>0,"Yes","No") -> No | P22: =IF(COUNTIFS('Call Log'!$B$5:$B$134,$A22,'Call Log'!$M$5:$M$134,"Yes")>0,"Yes","No") -> No | Q22: =IF(COUNTIFS('Call Log'!$B$5:$B$134,$A22,'Call Log'!$N$5:$N$134,"Yes")>0,"Yes","No") -> No | R22: =IFERROR(LOOKUP(2,1/(('Call Log'!$B$5:$B$134=$A22)*('Call Log'!$P$5:$P$134<>"")),'Call Log'!$P$5:$P$134),"") | S22: =IFERROR(LOOKUP(2,1/(('Call Log'!$B$5:$B$134=$A22)*('Call Log'!$R$5:$R$134<>"")),'Call Log'!$R$5:$R$134)&"","") | T22: Not started | U22: =IFERROR(LOOKUP(2,1/(('Call Log'!$B$5:$B$134=$A22)*('Call Log'!$T$5:$T$134<>"")),'Call Log'!$T$5:$T$134),"")
A23: 19 | B23: Kasun Liyanage | C23: Econ | D23: 077 458 4226 | H23: =IFERROR(INDEX('Call Log'!$I$5:$I$134,MATCH($A23&"-R1",'Call Log'!$A$5:$A$134,0))&"","") | I23: =IFERROR(INDEX('Call Log'!$I$5:$I$134,MATCH($A23&"-R2",'Call Log'!$A$5:$A$134,0))&"","") | J23: =IFERROR(INDEX('Call Log'!$I$5:$I$134,MATCH($A23&"-R3",'Call Log'!$A$5:$A$134,0))&"","") | K23: =IFERROR(INDEX('Call Log'!$I$5:$I$134,MATCH($A23&"-R4",'Call Log'!$A$5:$A$134,0))&"","") | L23: =IFERROR(INDEX('Call Log'!$I$5:$I$134,MATCH($A23&"-R5",'Call Log'!$A$5:$A$134,0))&"","") | M23: =COUNTIF(H23:L23,"?*") -> 0 | N23: =IF(COUNTIFS('Call Log'!$B$5:$B$134,$A23,'Call Log'!$J$5:$J$134,"Teacher")+COUNTIFS('Call Log'!$B$5:$B$134,$A23,'Call Log'!$J$5:$J$134,"Manager")+COUNTIFS('Call Log'!$B$5:$B$134,$A23,'Call Log'!$J$5:$J$134,"Hotline")>0,"Yes","No") -> No | O23: =IF(COUNTIFS('Call Log'!$B$5:$B$134,$A23,'Call Log'!$K$5:$K$134,"Yes")>0,"Yes","No") -> No | P23: =IF(COUNTIFS('Call Log'!$B$5:$B$134,$A23,'Call Log'!$M$5:$M$134,"Yes")>0,"Yes","No") -> No | Q23: =IF(COUNTIFS('Call Log'!$B$5:$B$134,$A23,'Call Log'!$N$5:$N$134,"Yes")>0,"Yes","No") -> No | R23: =IFERROR(LOOKUP(2,1/(('Call Log'!$B$5:$B$134=$A23)*('Call Log'!$P$5:$P$134<>"")),'Call Log'!$P$5:$P$134),"") | S23: =IFERROR(LOOKUP(2,1/(('Call Log'!$B$5:$B$134=$A23)*('Call Log'!$R$5:$R$134<>"")),'Call Log'!$R$5:$R$134)&"","") | T23: Not started | U23: =IFERROR(LOOKUP(2,1/(('Call Log'!$B$5:$B$134=$A23)*('Call Log'!$T$5:$T$134<>"")),'Call Log'!$T$5:$T$134),"")
A24: 20 | B24: Sameera Edirisinghe | C24: Logic | D24: 071 244 1751 | H24: =IFERROR(INDEX('Call Log'!$I$5:$I$134,MATCH($A24&"-R1",'Call Log'!$A$5:$A$134,0))&"","") | I24: =IFERROR(INDEX('Call Log'!$I$5:$I$134,MATCH($A24&"-R2",'Call Log'!$A$5:$A$134,0))&"","") | J24: =IFERROR(INDEX('Call Log'!$I$5:$I$134,MATCH($A24&"-R3",'Call Log'!$A$5:$A$134,0))&"","") | K24: =IFERROR(INDEX('Call Log'!$I$5:$I$134,MATCH($A24&"-R4",'Call Log'!$A$5:$A$134,0))&"","") | L24: =IFERROR(INDEX('Call Log'!$I$5:$I$134,MATCH($A24&"-R5",'Call Log'!$A$5:$A$134,0))&"","") | M24: =COUNTIF(H24:L24,"?*") -> 0 | N24: =IF(COUNTIFS('Call Log'!$B$5:$B$134,$A24,'Call Log'!$J$5:$J$134,"Teacher")+COUNTIFS('Call Log'!$B$5:$B$134,$A24,'Call Log'!$J$5:$J$134,"Manager")+COUNTIFS('Call Log'!$B$5:$B$134,$A24,'Call Log'!$J$5:$J$134,"Hotline")>0,"Yes","No") -> No | O24: =IF(COUNTIFS('Call Log'!$B$5:$B$134,$A24,'Call Log'!$K$5:$K$134,"Yes")>0,"Yes","No") -> No | P24: =IF(COUNTIFS('Call Log'!$B$5:$B$134,$A24,'Call Log'!$M$5:$M$134,"Yes")>0,"Yes","No") -> No | Q24: =IF(COUNTIFS('Call Log'!$B$5:$B$134,$A24,'Call Log'!$N$5:$N$134,"Yes")>0,"Yes","No") -> No | R24: =IFERROR(LOOKUP(2,1/(('Call Log'!$B$5:$B$134=$A24)*('Call Log'!$P$5:$P$134<>"")),'Call Log'!$P$5:$P$134),"") | S24: =IFERROR(LOOKUP(2,1/(('Call Log'!$B$5:$B$134=$A24)*('Call Log'!$R$5:$R$134<>"")),'Call Log'!$R$5:$R$134)&"","") | T24: Not started | U24: =IFERROR(LOOKUP(2,1/(('Call Log'!$B$5:$B$134=$A24)*('Call Log'!$T$5:$T$134<>"")),'Call Log'!$T$5:$T$134),"")
A25: 21 | B25: Srimal Wijesinghe | C25: ET | G25: Unticked | H25: =IFERROR(INDEX('Call Log'!$I$5:$I$134,MATCH($A25&"-R1",'Call Log'!$A$5:$A$134,0))&"","") | I25: =IFERROR(INDEX('Call Log'!$I$5:$I$134,MATCH($A25&"-R2",'Call Log'!$A$5:$A$134,0))&"","") | J25: =IFERROR(INDEX('Call Log'!$I$5:$I$134,MATCH($A25&"-R3",'Call Log'!$A$5:$A$134,0))&"","") | K25: =IFERROR(INDEX('Call Log'!$I$5:$I$134,MATCH($A25&"-R4",'Call Log'!$A$5:$A$134,0))&"","") | L25: =IFERROR(INDEX('Call Log'!$I$5:$I$134,MATCH($A25&"-R5",'Call Log'!$A$5:$A$134,0))&"","") | M25: =COUNTIF(H25:L25,"?*") -> 0 | N25: =IF(COUNTIFS('Call Log'!$B$5:$B$134,$A25,'Call Log'!$J$5:$J$134,"Teacher")+COUNTIFS('Call Log'!$B$5:$B$134,$A25,'Call Log'!$J$5:$J$134,"Manager")+COUNTIFS('Call Log'!$B$5:$B$134,$A25,'Call Log'!$J$5:$J$134,"Hotline")>0,"Yes","No") -> No | O25: =IF(COUNTIFS('Call Log'!$B$5:$B$134,$A25,'Call Log'!$K$5:$K$134,"Yes")>0,"Yes","No") -> No | P25: =IF(COUNTIFS('Call Log'!$B$5:$B$134,$A25,'Call Log'!$M$5:$M$134,"Yes")>0,"Yes","No") -> No | Q25: =IF(COUNTIFS('Call Log'!$B$5:$B$134,$A25,'Call Log'!$N$5:$N$134,"Yes")>0,"Yes","No") -> No | R25: =IFERROR(LOOKUP(2,1/(('Call Log'!$B$5:$B$134=$A25)*('Call Log'!$P$5:$P$134<>"")),'Call Log'!$P$5:$P$134),"") | S25: =IFERROR(LOOKUP(2,1/(('Call Log'!$B$5:$B$134=$A25)*('Call Log'!$R$5:$R$134<>"")),'Call Log'!$R$5:$R$134)&"","") | T25: Not started | U25: =IFERROR(LOOKUP(2,1/(('Call Log'!$B$5:$B$134=$A25)*('Call Log'!$T$5:$T$134<>"")),'Call Log'!$T$5:$T$134),"") | V25: No number in photo - add number
A26: 22 | B26: Malaka Priyadarshana | C26: SFT | G26: Unticked | H26: =IFERROR(INDEX('Call Log'!$I$5:$I$134,MATCH($A26&"-R1",'Call Log'!$A$5:$A$134,0))&"","") | I26: =IFERROR(INDEX('Call Log'!$I$5:$I$134,MATCH($A26&"-R2",'Call Log'!$A$5:$A$134,0))&"","") | J26: =IFERROR(INDEX('Call Log'!$I$5:$I$134,MATCH($A26&"-R3",'Call Log'!$A$5:$A$134,0))&"","") | K26: =IFERROR(INDEX('Call Log'!$I$5:$I$134,MATCH($A26&"-R4",'Call Log'!$A$5:$A$134,0))&"","") | L26: =IFERROR(INDEX('Call Log'!$I$5:$I$134,MATCH($A26&"-R5",'Call Log'!$A$5:$A$134,0))&"","") | M26: =COUNTIF(H26:L26,"?*") -> 0 | N26: =IF(COUNTIFS('Call Log'!$B$5:$B$134,$A26,'Call Log'!$J$5:$J$134,"Teacher")+COUNTIFS('Call Log'!$B$5:$B$134,$A26,'Call Log'!$J$5:$J$134,"Manager")+COUNTIFS('Call Log'!$B$5:$B$134,$A26,'Call Log'!$J$5:$J$134,"Hotline")>0,"Yes","No") -> No | O26: =IF(COUNTIFS('Call Log'!$B$5:$B$134,$A26,'Call Log'!$K$5:$K$134,"Yes")>0,"Yes","No") -> No | P26: =IF(COUNTIFS('Call Log'!$B$5:$B$134,$A26,'Call Log'!$M$5:$M$134,"Yes")>0,"Yes","No") -> No | Q26: =IF(COUNTIFS('Call Log'!$B$5:$B$134,$A26,'Call Log'!$N$5:$N$134,"Yes")>0,"Yes","No") -> No | R26: =IFERROR(LOOKUP(2,1/(('Call Log'!$B$5:$B$134=$A26)*('Call Log'!$P$5:$P$134<>"")),'Call Log'!$P$5:$P$134),"") | S26: =IFERROR(LOOKUP(2,1/(('Call Log'!$B$5:$B$134=$A26)*('Call Log'!$R$5:$R$134<>"")),'Call Log'!$R$5:$R$134)&"","") | T26: Not started | U26: =IFERROR(LOOKUP(2,1/(('Call Log'!$B$5:$B$134=$A26)*('Call Log'!$T$5:$T$134<>"")),'Call Log'!$T$5:$T$134),"") | V26: No number in photo - add number
A27: 23 | B27: Gihan Edussuriya | C27: BST | G27: Ticked | H27: =IFERROR(INDEX('Call Log'!$I$5:$I$134,MATCH($A27&"-R1",'Call Log'!$A$5:$A$134,0))&"","") | I27: =IFERROR(INDEX('Call Log'!$I$5:$I$134,MATCH($A27&"-R2",'Call Log'!$A$5:$A$134,0))&"","") | J27: =IFERROR(INDEX('Call Log'!$I$5:$I$134,MATCH($A27&"-R3",'Call Log'!$A$5:$A$134,0))&"","") | K27: =IFERROR(INDEX('Call Log'!$I$5:$I$134,MATCH($A27&"-R4",'Call Log'!$A$5:$A$134,0))&"","") | L27: =IFERROR(INDEX('Call Log'!$I$5:$I$134,MATCH($A27&"-R5",'Call Log'!$A$5:$A$134,0))&"","") | M27: =COUNTIF(H27:L27,"?*") -> 0 | N27: =IF(COUNTIFS('Call Log'!$B$5:$B$134,$A27,'Call Log'!$J$5:$J$134,"Teacher")+COUNTIFS('Call Log'!$B$5:$B$134,$A27,'Call Log'!$J$5:$J$134,"Manager")+COUNTIFS('Call Log'!$B$5:$B$134,$A27,'Call Log'!$J$5:$J$134,"Hotline")>0,"Yes","No") -> No | O27: =IF(COUNTIFS('Call Log'!$B$5:$B$134,$A27,'Call Log'!$K$5:$K$134,"Yes")>0,"Yes","No") -> No | P27: =IF(COUNTIFS('Call Log'!$B$5:$B$134,$A27,'Call Log'!$M$5:$M$134,"Yes")>0,"Yes","No") -> No | Q27: =IF(COUNTIFS('Call Log'!$B$5:$B$134,$A27,'Call Log'!$N$5:$N$134,"Yes")>0,"Yes","No") -> No | R27: =IFERROR(LOOKUP(2,1/(('Call Log'!$B$5:$B$134=$A27)*('Call Log'!$P$5:$P$134<>"")),'Call Log'!$P$5:$P$134),"") | S27: =IFERROR(LOOKUP(2,1/(('Call Log'!$B$5:$B$134=$A27)*('Call Log'!$R$5:$R$134<>"")),'Call Log'!$R$5:$R$134)&"","") | T27: Not started | U27: =IFERROR(LOOKUP(2,1/(('Call Log'!$B$5:$B$134=$A27)*('Call Log'!$T$5:$T$134<>"")),'Call Log'!$T$5:$T$134),"") | V27: No number in photo - add number
A28: 24 | B28: Amila Dasanayake | C28: Chemistry | G28: Ticked | H28: =IFERROR(INDEX('Call Log'!$I$5:$I$134,MATCH($A28&"-R1",'Call Log'!$A$5:$A$134,0))&"","") | I28: =IFERROR(INDEX('Call Log'!$I$5:$I$134,MATCH($A28&"-R2",'Call Log'!$A$5:$A$134,0))&"","") | J28: =IFERROR(INDEX('Call Log'!$I$5:$I$134,MATCH($A28&"-R3",'Call Log'!$A$5:$A$134,0))&"","") | K28: =IFERROR(INDEX('Call Log'!$I$5:$I$134,MATCH($A28&"-R4",'Call Log'!$A$5:$A$134,0))&"","") | L28: =IFERROR(INDEX('Call Log'!$I$5:$I$134,MATCH($A28&"-R5",'Call Log'!$A$5:$A$134,0))&"","") | M28: =COUNTIF(H28:L28,"?*") -> 0 | N28: =IF(COUNTIFS('Call Log'!$B$5:$B$134,$A28,'Call Log'!$J$5:$J$134,"Teacher")+COUNTIFS('Call Log'!$B$5:$B$134,$A28,'Call Log'!$J$5:$J$134,"Manager")+COUNTIFS('Call Log'!$B$5:$B$134,$A28,'Call Log'!$J$5:$J$134,"Hotline")>0,"Yes","No") -> No | O28: =IF(COUNTIFS('Call Log'!$B$5:$B$134,$A28,'Call Log'!$K$5:$K$134,"Yes")>0,"Yes","No") -> No | P28: =IF(COUNTIFS('Call Log'!$B$5:$B$134,$A28,'Call Log'!$M$5:$M$134,"Yes")>0,"Yes","No") -> No | Q28: =IF(COUNTIFS('Call Log'!$B$5:$B$134,$A28,'Call Log'!$N$5:$N$134,"Yes")>0,"Yes","No") -> No | R28: =IFERROR(LOOKUP(2,1/(('Call Log'!$B$5:$B$134=$A28)*('Call Log'!$P$5:$P$134<>"")),'Call Log'!$P$5:$P$134),"") | S28: =IFERROR(LOOKUP(2,1/(('Call Log'!$B$5:$B$134=$A28)*('Call Log'!$R$5:$R$134<>"")),'Call Log'!$R$5:$R$134)&"","") | T28: Not started | U28: =IFERROR(LOOKUP(2,1/(('Call Log'!$B$5:$B$134=$A28)*('Call Log'!$T$5:$T$134<>"")),'Call Log'!$T$5:$T$134),"") | V28: No number in photo - add number
A29: 25 | B29: Ravindu Bandaranayake | C29: ICT | G29: Ticked | H29: =IFERROR(INDEX('Call Log'!$I$5:$I$134,MATCH($A29&"-R1",'Call Log'!$A$5:$A$134,0))&"","") | I29: =IFERROR(INDEX('Call Log'!$I$5:$I$134,MATCH($A29&"-R2",'Call Log'!$A$5:$A$134,0))&"","") | J29: =IFERROR(INDEX('Call Log'!$I$5:$I$134,MATCH($A29&"-R3",'Call Log'!$A$5:$A$134,0))&"","") | K29: =IFERROR(INDEX('Call Log'!$I$5:$I$134,MATCH($A29&"-R4",'Call Log'!$A$5:$A$134,0))&"","") | L29: =IFERROR(INDEX('Call Log'!$I$5:$I$134,MATCH($A29&"-R5",'Call Log'!$A$5:$A$134,0))&"","") | M29: =COUNTIF(H29:L29,"?*") -> 0 | N29: =IF(COUNTIFS('Call Log'!$B$5:$B$134,$A29,'Call Log'!$J$5:$J$134,"Teacher")+COUNTIFS('Call Log'!$B$5:$B$134,$A29,'Call Log'!$J$5:$J$134,"Manager")+COUNTIFS('Call Log'!$B$5:$B$134,$A29,'Call Log'!$J$5:$J$134,"Hotline")>0,"Yes","No") -> No | O29: =IF(COUNTIFS('Call Log'!$B$5:$B$134,$A29,'Call Log'!$K$5:$K$134,"Yes")>0,"Yes","No") -> No | P29: =IF(COUNTIFS('Call Log'!$B$5:$B$134,$A29,'Call Log'!$M$5:$M$134,"Yes")>0,"Yes","No") -> No | Q29: =IF(COUNTIFS('Call Log'!$B$5:$B$134,$A29,'Call Log'!$N$5:$N$134,"Yes")>0,"Yes","No") -> No | R29: =IFERROR(LOOKUP(2,1/(('Call Log'!$B$5:$B$134=$A29)*('Call Log'!$P$5:$P$134<>"")),'Call Log'!$P$5:$P$134),"") | S29: =IFERROR(LOOKUP(2,1/(('Call Log'!$B$5:$B$134=$A29)*('Call Log'!$R$5:$R$134<>"")),'Call Log'!$R$5:$R$134)&"","") | T29: Not started | U29: =IFERROR(LOOKUP(2,1/(('Call Log'!$B$5:$B$134=$A29)*('Call Log'!$T$5:$T$134<>"")),'Call Log'!$T$5:$T$134),"") | V29: No number in photo - add number
A30: 26 | B30: Anuradha Perera | C30: Physics | G30: Ticked | H30: =IFERROR(INDEX('Call Log'!$I$5:$I$134,MATCH($A30&"-R1",'Call Log'!$A$5:$A$134,0))&"","") | I30: =IFERROR(INDEX('Call Log'!$I$5:$I$134,MATCH($A30&"-R2",'Call Log'!$A$5:$A$134,0))&"","") | J30: =IFERROR(INDEX('Call Log'!$I$5:$I$134,MATCH($A30&"-R3",'Call Log'!$A$5:$A$134,0))&"","") | K30: =IFERROR(INDEX('Call Log'!$I$5:$I$134,MATCH($A30&"-R4",'Call Log'!$A$5:$A$134,0))&"","") | L30: =IFERROR(INDEX('Call Log'!$I$5:$I$134,MATCH($A30&"-R5",'Call Log'!$A$5:$A$134,0))&"","") | M30: =COUNTIF(H30:L30,"?*") -> 0 | N30: =IF(COUNTIFS('Call Log'!$B$5:$B$134,$A30,'Call Log'!$J$5:$J$134,"Teacher")+COUNTIFS('Call Log'!$B$5:$B$134,$A30,'Call Log'!$J$5:$J$134,"Manager")+COUNTIFS('Call Log'!$B$5:$B$134,$A30,'Call Log'!$J$5:$J$134,"Hotline")>0,"Yes","No") -> No | O30: =IF(COUNTIFS('Call Log'!$B$5:$B$134,$A30,'Call Log'!$K$5:$K$134,"Yes")>0,"Yes","No") -> No | P30: =IF(COUNTIFS('Call Log'!$B$5:$B$134,$A30,'Call Log'!$M$5:$M$134,"Yes")>0,"Yes","No") -> No | Q30: =IF(COUNTIFS('Call Log'!$B$5:$B$134,$A30,'Call Log'!$N$5:$N$134,"Yes")>0,"Yes","No") -> No | R30: =IFERROR(LOOKUP(2,1/(('Call Log'!$B$5:$B$134=$A30)*('Call Log'!$P$5:$P$134<>"")),'Call Log'!$P$5:$P$134),"") | S30: =IFERROR(LOOKUP(2,1/(('Call Log'!$B$5:$B$134=$A30)*('Call Log'!$R$5:$R$134<>"")),'Call Log'!$R$5:$R$134)&"","") | T30: Not started | U30: =IFERROR(LOOKUP(2,1/(('Call Log'!$B$5:$B$134=$A30)*('Call Log'!$T$5:$T$134<>"")),'Call Log'!$T$5:$T$134),"") | V30: No number in photo - add number

Sheet Call Log
A1: CALL LOG - all 5 rounds in one sheet
A2: Each teacher has 5 pre-made rows (Round 1-5). Fill the white columns; grey columns fill themselves. Extra attempts within a round: note them in the Notes column (the summary reads one row per round).
A3: Example: Round 1 | 13-Oct-2026 | 10:30 AM | 071 344 4555 | Answered - Spoke | Manager | Yes | Mr. Perera | Yes | Yes | WhatsApp | 15000 | 12000 | Considering | Call again | 20-Oct-2026
A4: Key | B4: Teacher ID | C4: Teacher Name | D4: Subject | E4: Round | F4: Call Date | G4: Call Time | H4: Number Dialed | I4: Call Outcome | J4: Spoke To | K4: Manager / Hotline Contacted? | L4: Contact Person Name | M4: Demo Video Sent? | N4: Detailed Message Sent? | O4: Sent Via | P4: Price Proposed (LKR) | Q4: Teacher Counter-Offer (LKR) | R4: Interest Level | S4: Next Action | T4: Follow-up Date | U4: Notes
A5: =B5&"-R"&E5 -> 1-R1 | B5: 1 | C5: =IFERROR(INDEX(Contacts!$B$5:$B$30,MATCH(B5,Contacts!$A$5:$A$30,0)),"") -> Darshana Ukuwela | D5: =IFERROR(INDEX(Contacts!$C$5:$C$30,MATCH(B5,Contacts!$A$5:$A$30,0)),"") -> Physics | E5: 1
A6: =B6&"-R"&E6 -> 1-R2 | B6: 1 | C6: =IFERROR(INDEX(Contacts!$B$5:$B$30,MATCH(B6,Contacts!$A$5:$A$30,0)),"") -> Darshana Ukuwela | D6: =IFERROR(INDEX(Contacts!$C$5:$C$30,MATCH(B6,Contacts!$A$5:$A$30,0)),"") -> Physics | E6: 2
A7: =B7&"-R"&E7 -> 1-R3 | B7: 1 | C7: =IFERROR(INDEX(Contacts!$B$5:$B$30,MATCH(B7,Contacts!$A$5:$A$30,0)),"") -> Darshana Ukuwela | D7: =IFERROR(INDEX(Contacts!$C$5:$C$30,MATCH(B7,Contacts!$A$5:$A$30,0)),"") -> Physics | E7: 3
A8: =B8&"-R"&E8 -> 1-R4 | B8: 1 | C8: =IFERROR(INDEX(Contacts!$B$5:$B$30,MATCH(B8,Contacts!$A$5:$A$30,0)),"") -> Darshana Ukuwela | D8: =IFERROR(INDEX(Contacts!$C$5:$C$30,MATCH(B8,Contacts!$A$5:$A$30,0)),"") -> Physics | E8: 4
A9: =B9&"-R"&E9 -> 1-R5 | B9: 1 | C9: =IFERROR(INDEX(Contacts!$B$5:$B$30,MATCH(B9,Contacts!$A$5:$A$30,0)),"") -> Darshana Ukuwela | D9: =IFERROR(INDEX(Contacts!$C$5:$C$30,MATCH(B9,Contacts!$A$5:$A$30,0)),"") -> Physics | E9: 5
A10: =B10&"-R"&E10 -> 2-R1 | B10: 2 | C10: =IFERROR(INDEX(Contacts!$B$5:$B$30,MATCH(B10,Contacts!$A$5:$A$30,0)),"") -> Nilantha Jayasuriya | D10: =IFERROR(INDEX(Contacts!$C$5:$C$30,MATCH(B10,Contacts!$A$5:$A$30,0)),"") -> Physics | E10: 1
A11: =B11&"-R"&E11 -> 2-R2 | B11: 2 | C11: =IFERROR(INDEX(Contacts!$B$5:$B$30,MATCH(B11,Contacts!$A$5:$A$30,0)),"") -> Nilantha Jayasuriya | D11: =IFERROR(INDEX(Contacts!$C$5:$C$30,MATCH(B11,Contacts!$A$5:$A$30,0)),"") -> Physics | E11: 2
A12: =B12&"-R"&E12 -> 2-R3 | B12: 2 | C12: =IFERROR(INDEX(Contacts!$B$5:$B$30,MATCH(B12,Contacts!$A$5:$A$30,0)),"") -> Nilantha Jayasuriya | D12: =IFERROR(INDEX(Contacts!$C$5:$C$30,MATCH(B12,Contacts!$A$5:$A$30,0)),"") -> Physics | E12: 3
A13: =B13&"-R"&E13 -> 2-R4 | B13: 2 | C13: =IFERROR(INDEX(Contacts!$B$5:$B$30,MATCH(B13,Contacts!$A$5:$A$30,0)),"") -> Nilantha Jayasuriya | D13: =IFERROR(INDEX(Contacts!$C$5:$C$30,MATCH(B13,Contacts!$A$5:$A$30,0)),"") -> Physics | E13: 4
A14: =B14&"-R"&E14 -> 2-R5 | B14: 2 | C14: =IFERROR(INDEX(Contacts!$B$5:$B$30,MATCH(B14,Contacts!$A$5:$A$30,0)),"") -> Nilantha Jayasuriya | D14: =IFERROR(INDEX(Contacts!$C$5:$C$30,MATCH(B14,Contacts!$A$5:$A$30,0)),"") -> Physics | E14: 5
A15: =B15&"-R"&E15 -> 3-R1 | B15: 3 | C15: =IFERROR(INDEX(Contacts!$B$5:$B$30,MATCH(B15,Contacts!$A$5:$A$30,0)),"") -> Janindu Leelananda | D15: =IFERROR(INDEX(Contacts!$C$5:$C$30,MATCH(B15,Contacts!$A$5:$A$30,0)),"") -> Physics | E15: 1
A16: =B16&"-R"&E16 -> 3-R2 | B16: 3 | C16: =IFERROR(INDEX(Contacts!$B$5:$B$30,MATCH(B16,Contacts!$A$5:$A$30,0)),"") -> Janindu Leelananda | D16: =IFERROR(INDEX(Contacts!$C$5:$C$30,MATCH(B16,Contacts!$A$5:$A$30,0)),"") -> Physics | E16: 2
... A134: =B134&"-R"&E134 -> 26-R5 | B134: 26 | C134: =IFERROR(INDEX(Contacts!$B$5:$B$30,MATCH(B134,Contacts!$A$5:$A$30,0)),"") -> Anuradha Perera | D134: =IFERROR(INDEX(Contacts!$C$5:$C$30,MATCH(B134,Contacts!$A$5:$A$30,0)),"") -> Physics | E134: 5

Sheet Lists
A1: Outcome | B1: SpokeTo | C1: YesNo | D1: Interest | E1: Channel | F1: Status
A2: Answered - Spoke | B2: Teacher | C2: Yes | D2: Interested | E2: WhatsApp | F2: Not started
A3: Answered - Call back later | B3: Manager | C3: No | D3: Considering | E3: Email | F3: In progress
A4: No answer | B4: Hotline | D4: Needs more info | E4: SMS | F4: Interested
A5: Busy | B5: Receptionist / Other | D5: Negotiating | E5: Other | F5: Negotiating
A6: Switched off / Unreachable | B6: Nobody | D6: Not interested | F6: Won
A7: Wrong number | D7: Confirmed / Deal | F7: Lost / Not interested
A8: Not interested
A9: Call declined
A10: Edit these lists to change the dropdown options in the other sheets.
